id,title,poster,url,genres,tags,star_time
,凝视深渊,https://neodb.social/m/item/doubanbook/2023/08/01/76176f77-e474-49b5-929d-87be0c316dc1.jpg,https://neodb.social/book/3X6XwhF9HFKHHNuxXZ2KlJ,,,2024-03-16
,你的夏天还好吗,https://neodb.social/m/book/2021/09/15097ab230-ce4b-49e7-bacf-75ce13a745c9.jpg,https://neodb.social/book/52zQ9w8XeWT1a129lwuMcQ,,,2024-03-06
,破碎的生活,https://neodb.social/m/book/2022/01/059c42e0a4-50f0-4713-97b5-6e11c3d0b86e.jpg,https://neodb.social/book/0nyQbTOncE0EIJbrX1mirO,,,2024-02-29
,悉达多,https://neodb.social/m/book/2021/09/15e68f91cb-b85b-4616-9d64-45c735b35e9b.jpg,https://neodb.social/book/2AqSmRryq5l1ZuAkGFdrc3,,,2024-01-11
,Heartstopper,https://neodb.social/m/book/2022/04/30bf685e99-a2ec-47c7-9bc5-71d35787fa1d.jpg,https://neodb.social/book/0lWu9Vt7kBlvO6JYNObMyK,,,2024-01-08
,伴生,https://neodb.social/m/book/2022/11/27439d4732-49aa-4e82-b900-908cad3125d1.jpg,https://neodb.social/book/1DJt3sU9vBF19hQOeNXWAM,,,2024-01-07
,夜神科尔内尔,https://neodb.social/m/book/2021/09/154a14b893-34b5-459a-97a1-2fe433b7731e.jpg,https://neodb.social/book/3RWMaxUQHc0eybunpErqLd,,,2023-12-20
,海街日记,https://neodb.social/m/item/bangumi/2023/11/18/0cbb37ce-52c6-439e-9727-2a5abca2b2b3.jpg,https://neodb.social/book/3jhrnKTEhxzmaizdU426yR,,,2023-12-01
,足利女童连续失踪事件,https://neodb.social/m/book/2022/03/15b1ef211c-21f5-4032-ae30-89a0543d2906.jpg,https://neodb.social/book/56RnOQ6hgwFzzb6HLAwEfE,,,2023-11-13
,天空的另一半,https://neodb.social/m/book/2021/09/15054255cc-92e6-42e0-b855-0764f794537f.jpg,https://neodb.social/book/3d7uxjxIOuFIiXEtNPJ8J2,,,2023-10-23
,我不知道该说什么，关于死亡还是爱情,https://neodb.social/m/book/2021/09/1536429383-91f4-46b4-9b0e-4f6b361d9736.jpg,https://neodb.social/book/5hQqk06v8j1OCgNuZTyaH5,,,2023-08-26
,献给阿尔吉侬的花束,https://neodb.social/m/book/2021/09/152a683f39-9001-4143-8685-88d82921d571.jpg,https://neodb.social/book/4RcTj1AilRVONB8RIKJSVA,,,2023-05-01
,夜晚的潜水艇,https://neodb.social/m/book/2021/09/15e5228d29-f93c-4c99-84cc-af506997f071.jpg,https://neodb.social/book/6qPDyUhNN8ZEP9v5YVU7tx,,,2023-02-27
,第七天,https://neodb.social/m/book/2021/09/1676f94ad3-bab9-4250-b534-d083eb3a56b1.jpg,https://neodb.social/book/25Ef7mh4PDn34g7QD2Kc9P,,,2023-02-23
,巨人的陨落,https://neodb.social/m/book/2021/09/155e5d4341-720d-41c9-a0a7-7184aca0375e.jpg,https://neodb.social/book/3rfmQwOG82Srj2zWkcQrJ0,,,2023-02-21
,橘子不是唯一的水果,https://neodb.social/m/book/2021/09/155efe1cfe-96fd-4d4e-9d10-5f0236258664.jpg,https://neodb.social/book/5GXMnWdVm2ZZ9aTVWNIYa0,,,2023-01-20
,天使与魔鬼,https://neodb.social/m/book/2021/09/17d4264b10-bee7-4f69-9327-1b9d9dd95f67.jpg,https://neodb.social/book/5Mk4raH68nEV9AgYppl9gN,,,2023-01-20
,圣母,https://neodb.social/m/book/2022/04/27f990481e-c6d7-47db-96a5-7f83003df684.jpg,https://neodb.social/book/1epNOCybhFopDcXZVgoqXq,,,2023-01-20
,你当像鸟飞往你的山,https://neodb.social/m/item/book/2023/06/16/1491d20f-de10-46b5-8753-e27777b7d1cc.jpg,https://neodb.social/book/2mdEocABJPjYSzuEs2c5QC,,,2022-12-15
,看不见的美国,https://neodb.social/m/book/2021/09/16bfa47b99-c76c-4114-961b-d3d53ee4f110.jpg,https://neodb.social/book/4oSLtc9UUoU9WdHysD9yMT,,,2022-12-06
,桶川跟踪狂杀人事件,https://neodb.social/m/book/2021/09/153e5599f3-2aef-418c-ae8b-c79057dbd6f3.jpg,https://neodb.social/book/0SDXqlIbmhOuHO422HRvhB,,,2022-10-21
,山茶文具店,https://neodb.social/m/book/2021/09/15618fa90c-c989-4d21-9511-c057e30849be.jpg,https://neodb.social/book/0QX3GZPaaYti096vbdaCyT,,,2022-08-18
,不要和你妈争辩,https://neodb.social/m/book/2021/09/15bd4017a8-8e57-46da-bea6-e47dd4aa6935.jpg,https://neodb.social/book/7EwnKp9tpRVOx4hg9ItDHV,,,2022-04-10
,人类简史,https://neodb.social/m/book/2021/09/1529d11838-57d9-47f3-9b63-989295154902.jpg,https://neodb.social/book/51bFn01lYsM5uXnOJ9WM3P,,,2021-05-06
,天真的人类学家,https://neodb.social/m/book/2021/09/1686f272ff-d5dd-4b57-b6d7-fb140b4f3e85.jpg,https://neodb.social/book/1pKyxtOej40Pdrvic5uUM3,,,2020-02-03
,圣诞忆旧集,https://neodb.social/m/book/2021/09/15736ec3f3-5481-4d2b-9c6a-9b40ae919000.jpg,https://neodb.social/book/5wHtskUqydI73Rzcon66F2,,,2020-02-03
,哈利·波特与凤凰社,https://neodb.social/m/book/2021/09/130eea8501-2417-4b8f-bf72-e3ce0019fd64.jpg,https://neodb.social/book/0JgKhiuVrepPZZmFLKyHrq,,,2019-03-20
,茶花女,https://neodb.social/m/book/2021/09/15fcc6dbb9-c934-4f0c-9bed-196aa9458861.jpg,https://neodb.social/book/7cesw42kkpTmlLZCGUO61L,,,2019-03-20
,盗墓笔记,https://neodb.social/m/book/2021/09/15d7960014-b762-4b58-971d-ba71b11bef95.jpg,https://neodb.social/book/43lM8BdR0pZAFPAcZ15fNs,,,2019-03-20
,飘,https://neodb.social/m/book/2021/09/1332df7aa1-a2ca-4976-a724-496d9bdd2c0c.jpg,https://neodb.social/book/3KwHhIdb0bYWXc4yC0KlSU,,,2019-03-20
,大灭绝时代,https://neodb.social/m/book/2021/09/153f912df2-0929-4200-97a5-8e4b90678354.jpg,https://neodb.social/book/6Z3Za6KkjzMCceTJnfbJhy,,,2019-03-20
,百年孤独,https://neodb.social/m/book/2021/09/130e598f31-673c-4530-aa8d-87a59d783f8e.jpg,https://neodb.social/book/4AD6dlBaI5GWtFEWsaPVYl,,,2019-03-20
,骆驼祥子,https://neodb.social/m/book/2021/09/15fd4474f8-47a7-40ba-be14-8aa9bd8b36a0.jpg,https://neodb.social/book/3pJymATNDKQ3amoO7vhFhR,,,2019-03-20
,边城,https://neodb.social/m/book/2021/09/1594f3c3fd-1c1a-43fd-a897-61b8ba967d62.jpg,https://neodb.social/book/2Jlum3V13WssmE4wuP9196,,,2019-03-20
,基督山伯爵,https://neodb.social/m/book/2021/09/15cadd2642-9c23-4192-a4fd-3ee09417b30e.jpg,https://neodb.social/book/1jQVzdSlbXWPMetFBuqtPJ,,,2019-03-20
,肖申克的救赎,https://neodb.social/m/book/2021/09/15c37762d9-0cd5-47ab-80b9-16517beab5de.jpg,https://neodb.social/book/0VoNDaHX4R29ovDXOAvKC4,,,2019-03-20
,美丽新世界,https://neodb.social/m/book/2021/09/150fba9fcf-580c-49f6-a047-3a16cf32df38.jpg,https://neodb.social/book/1kNyIg0YP721lKHoeHlvFE,,,2019-03-20
,房思琪的初恋乐园,https://neodb.social/m/book/2021/09/154e31faed-94bf-42a2-acbf-0d560dac3547.jpg,https://neodb.social/book/5CGshKXr2IRnVoQQ62fdOz,,,2018-10-13
,邻人之妻,https://neodb.social/m/book/2021/09/13a786ef33-fca5-45a4-808a-bf248884b44b.jpg,https://neodb.social/book/4z9Pt5g2KvacJeyMWBp6mf,,,2018-10-13
,鱼翅与花椒,https://neodb.social/m/book/2021/09/15451e403e-9d77-4bba-9aac-66155a966128.jpg,https://neodb.social/book/5BDPxrX1Ayb0a7JVvdfKJb,,,2018-10-13
