id,title,intro,poster,pubdate,url,tags,star_time
,大力女子都奉顺,,https://neodb.social/m/movie/2021/09/17153f107e-12cd-4471-a142-62fb47a9743c.jpg,,https://neodb.social/tv/season/3akY1RJqcbnqfYjeMfHKdp,,2023-12-12
,海蒂和爷爷,,https://neodb.social/m/movie/2021/09/15bf3adb50-f99b-419a-a199-39e2d8ee9958.jpg,2015,https://neodb.social/movie/4tfI5TPC75onuR7L8Vhi5N,,2023-12-08
,朱莉与朱莉娅,,https://neodb.social/m/movie/2021/09/15d4ce7a6a-4282-4422-9971-770f12feec36.jpg,2009,https://neodb.social/movie/5A3ZJJ6owHetOl6qPd5FXT,,2023-12-07
,玛丽和马克思,,https://neodb.social/m/movie/2021/09/14d06eae32-487b-4698-bea1-635cedd99765.jpg,2009-01-15,https://neodb.social/movie/3jb0uxVV3L7BJ3FWIfD4Kx,,2023-11-15
,机器人总动员,,https://neodb.social/m/movie/2021/09/13f728d6dc-d10e-498f-8bb3-9f403e49f1b5.jpg,2008,https://neodb.social/movie/5y0Vg3MhVtMOBqIFvE6L6Y,,2023-11-01
,海街日记,,https://neodb.social/m/movie/2021/09/15ee70b478-4e7b-480e-8879-d4c2e12ac9c5.jpg,2015,https://neodb.social/movie/3QL0rPVekXLldKtASMwxsy,,2023-10-28
,托斯卡纳艳阳下,,https://neodb.social/m/movie/2021/09/1605ecd172-2573-4c79-856c-d74a94a56bd4.jpg,2003,https://neodb.social/movie/1N5x3XuEwqDe4xx6eCfyii,,2023-10-21
,都市男女的爱情法则,,https://neodb.social/m/movie/2021/12/10443ae215-3870-4021-9dad-1d364df71722.webp,2020,https://neodb.social/tv/season/3d2gLNvtxtK9cRGa7qv6M8,,2023-09-24
,怦然心动,,https://neodb.social/m/movie/2021/09/14b547e445-785d-44e9-a690-9f9ce7ab8999.jpg,2010,https://neodb.social/movie/78hXBnbUuPhcRn1igYZF6F,,2023-07-22
,一天,,https://neodb.social/m/movie/2021/09/13b83df0e3-40bc-4bbe-8e0f-b93ebe71fa29.jpg,2011,https://neodb.social/movie/5hXRZJMFSifs7R31CNJp6G,,2023-07-22
,不汗党,,https://neodb.social/m/movie/2021/11/27cfc7844a-9a2a-4776-9735-7f5a448c4dd2.jpg,2017,https://neodb.social/movie/1ewGtUl2z4pSGkkaMoFfUz,,2023-07-21
,小森林 夏秋篇,,https://neodb.social/m/movie/2021/09/1515da56d9-aef3-418a-9511-362cf61ee99b.jpg,2014,https://neodb.social/movie/5g0j79DTH2nRJAMZoopbRP,,2023-07-19
,举重妖精金福珠,,https://neodb.social/m/movie/2021/09/15b12132ac-ff36-486b-b8ea-e5d1b1e641ab.jpg,2016,https://neodb.social/tv/7VxEGqnSSiFOXPjvfBsWsM,,2023-07-19
,奔向爱情,,https://neodb.social/m/movie/2021/09/15f3e8067c-926a-451f-87de-7b27607b4353.jpg,2020,https://neodb.social/tv/season/25b59vfQNa32TZWZbkGR8n,,2023-07-15
,与玛格丽特的午后,,https://neodb.social/m/movie/2021/09/16a589a210-bae2-4235-bf27-b3c0ffd9f192.jpg,2010,https://neodb.social/movie/5lJSUqByRCpUGkUpEVQtfu,,2023-07-12
,浪漫的体质,,https://neodb.social/m/item/tmdb_tv/2023/07/17/766bcdb9-6ae2-4ae3-b875-98508c2b996a.jpg,2019,https://neodb.social/tv/6kIC1UQsM7ytAh1Ai5c6Yt,,2023-07-11
,公主日记,,https://neodb.social/m/item/movie/2023/05/01/2efa7214-b2bb-4d45-8883-4e1f0aaf13d9.webp,2001,https://neodb.social/movie/2pZWXYFFYVjTbD6EQODT56,,2023-07-07
,东方的承诺,,https://neodb.social/m/movie/2021/09/16f5c422af-0a68-40d1-8115-7f8ebea4d193.jpg,2007,https://neodb.social/movie/5emHvNQnhlzrzqQMNqEKhM,,2023-07-04
,消失的她,,https://neodb.social/m/item/doubanmovie/2023/04/29/2751585c-a625-4eb1-91ee-a5c6a92947d7.jpg,2022,https://neodb.social/movie/78t8BJIMgjDI3fNJsnAsca,,2023-07-03
,大逃脱,,https://neodb.social/m/item/tmdb_tv/2023/05/14/f533a0ea-ed17-4eb8-afd1-5ec54b1d979a.jpg,2018,https://neodb.social/tv/26LryxrYhQlT0RtUvXAxMz,,2023-05-14
,星际穿越,,https://neodb.social/m/movie/2022/08/048e1c6e37-520b-4d04-8a6a-e716b7a18003.jpg,2014,https://neodb.social/movie/2vE4NFmmigU2ofsivNOdcG,,2023-04-29
,成为简·奥斯汀,,https://neodb.social/m/movie/2021/09/15b1bbdd64-679a-4617-9af1-f9a1eb1005b3.jpg,2007,https://neodb.social/movie/40ee8bgVPXDejotwdJyTai,,2023-04-29
,寻梦环游记,,https://neodb.social/m/movie/2021/09/154887e57f-7ffe-4981-80d8-3daa586ff0ee.jpg,2017,https://neodb.social/movie/3V4pKFHRBYvdsH1HSoe5m3,,2023-04-06
,土拨鼠之日,,https://neodb.social/m/movie/2021/09/14310c862d-d1f8-4504-b98c-ca7b34651e53.jpg,1993,https://neodb.social/movie/4ehThaQvoClePUiNK5E1J3,,2023-03-27
,暴力史,,https://neodb.social/m/movie/2021/09/147e868ae4-8043-4b28-9cde-554fe8f3c545.jpg,2005,https://neodb.social/movie/1VSGY81sTRm0Ta2di4Kd5I,,2023-03-27
,Biong Biong地球游戏厅,,https://dou.img.lithub.cc/movie/35904193.jpg,2022,https://neodb.social/movie/5YuUWebZyCUbl4CJb3E1rM,,2023-03-01
,爱在黎明破晓前,,https://neodb.social/m/movie/2021/09/136381f7ca-9ae2-4568-a0fa-ae0b544878ee.jpg,1995,https://neodb.social/movie/1aF8CzGEybUgcQ8uSkL0Iw,,2023-01-30
,爱情神话,,https://neodb.social/m/movie/2021/12/25a3087709-a3cc-43c4-acfb-e9af353f7e31.jpg,2021,https://neodb.social/movie/7ahj2oCjv0DlnrEayOHqGO,,2022-08-29
,101斑点狗,,https://neodb.social/m/movie/2021/09/1578a0dbb5-15c3-4677-8b40-5360a1c0b19c.jpg,1961,https://neodb.social/movie/4XTdKCEcNe93SFnMTte3Bp,,2022-06-11
,福尔摩斯：基本演绎法,,https://neodb.social/m/movie/2022/05/14042943f5-637a-47b2-9f70-d29ee0d3a92d.jpg,2012,https://neodb.social/tv/0oqVg7MKrmWpe2AOOduQCK,,2022-06-10
,机智的医生生活,,https://neodb.social/m/item/2023/01/12/c6d8dca2-9e24-441b-8626-86043d3fd58c.jpg,2020,https://neodb.social/tv/25gOw5ebfoPaCK3Ai9hzVj,,2022-05-25
,穿普拉达的女王,,https://neodb.social/m/movie/2021/09/13a323aff4-4dab-4c57-a711-587db6402330.jpg,2006,https://neodb.social/movie/6D24EDZU8dlBTtO6hHx1Fr,,2021-05-06
,犯罪心理,,https://neodb.social/m/movie/2022/05/16dcaac53f-d756-44df-95e1-4a9d27e13f88.jpg,2005,https://neodb.social/tv/3CLz4c5PRjKeYSBxD2Z5DG,,2020-02-03
,狮子王,,https://neodb.social/m/movie/2021/09/13df7a4299-4917-4aec-b8be-40e9409cf8e0.jpg,1994,https://neodb.social/movie/3SohF1ozWD2KgLfHbMYBSK,,2019-12-17
,神探夏洛克,,https://neodb.social/m/movie/2022/07/100325b7d6-a2d1-45da-a2da-333ede72e657.jpg,2010,https://neodb.social/tv/5dkkZE085v3O1xxwVjxNku,,2019-12-17
,海吉拉,,https://neodb.social/m/movie/2021/09/156ae36134-5334-42d2-965d-bc1c7df0a3fa.jpg,2018,https://neodb.social/movie/3qsgGia4IlZ6MkDh4x4pq1,,2019-12-16
,千与千寻,,https://neodb.social/m/movie/2021/09/144ed58222-783e-4bf5-9563-399c6f0c2b3d.jpg,2001,https://neodb.social/movie/1tinbILMzwlY1GWoo89qfL,,2019-12-16
,非自然死亡,,https://neodb.social/m/movie/2021/09/15517d2e52-0a74-479b-8459-dc90b6587a5e.jpg,2018,https://neodb.social/tv/season/6kn26RfqkGz6WRT1IKrSwt,,2019-12-15
,THE K2,,https://neodb.social/m/movie/2021/09/24583ec9dc-0966-4d6f-a9b2-0bbd895970a3.jpg,2016,https://neodb.social/tv/season/62qqHk0K9sr9FJw454upcz,,2018-12-01
,治愈者,,https://neodb.social/m/movie/2021/09/177c3279bd-bea8-4d5d-93b1-9405fbc2f21e.jpg,2014,https://neodb.social/tv/season/20UPRlPmdCkYyUpbD3bHI3,,2017-08-28
,Switch改变世界,,https://neodb.social/m/movie/2021/12/1293c375bf-60a1-404b-b0d6-430e9e58cc9a.jpg,2018,https://neodb.social/tv/season/2sBOJ37VzNRY2f6A3i6L6U,,2018-07-30
,PRODUCE101第一季,,https://neodb.social/m/movie/2021/09/1738cda5dd-1a01-4919-aef4-8dd4a61efc4f.jpg,2016,https://neodb.social/tv/season/64mSPbmaJrjdJVkrmkyP8N,,2016-05-04
